bytes_in,bytes_out,creation_date ,creation_time,end_date,end_time,src_ip,src_ip_country_code,event_date,event_time
5602,12990,2024-04-25,23:00,2024-04-25,23:10,147.161.161.82,AE,2024-04-25,23:00
30912,18186,2024-04-25,23:00,2024-04-25,23:10,165.225.33.6,US,2024-04-25,23:00
28506,13468,2024-04-25,23:00,2024-04-25,23:10,165.225.212.255,CA,2024-04-25,23:00
30546,14278,2024-04-25,23:00,2024-04-25,23:10,136.226.64.114,US,2024-04-25,23:00
6526,13892,2024-04-25,23:00,2024-04-25,23:10,165.225.240.79,NL,2024-04-25,23:00
3906,3488,2024-04-25,23:00,2024-04-25,23:10,136.226.77.103,CA,2024-04-25,23:00
17748,29208,2024-04-25,23:00,2024-04-25,23:10,165.225.26.101,DE,2024-04-25,23:00
4767917,291520,2024-04-25,23:00,2024-04-25,23:10,155.91.45.242,US,2024-04-25,23:00
10538,15514,2024-04-25,23:00,2024-04-25,23:10,165.225.209.4,CA,2024-04-25,23:00
9656,6380,2024-04-25,23:00,2024-04-25,23:10,147.161.131.1,AT,2024-04-25,23:00
57208,32874,2024-04-25,23:10,2024-04-25,23:20,165.225.33.6,US,2024-04-25,23:10
18162,30492,2024-04-25,23:10,2024-04-25,23:20,136.226.67.101,US,2024-04-25,23:10
28056,4832,2024-04-25,23:10,2024-04-25,23:20,165.225.212.255,CA,2024-04-25,23:10
73752,18924,2024-04-25,23:10,2024-04-25,23:20,136.226.64.114,US,2024-04-25,23:10
4080,11282,2024-04-25,23:10,2024-04-25,23:20,94.188.248.74,IL,2024-04-25,23:10
1968903,38773,2024-04-25,23:10,2024-04-25,23:20,165.225.240.79,NL,2024-04-25,23:10
6958,12854,2024-04-25,23:10,2024-04-25,23:20,136.226.77.103,CA,2024-04-25,23:10
8310,6276,2024-04-25,23:10,2024-04-25,23:20,165.225.26.101,DE,2024-04-25,23:10
4804723,291088,2024-04-25,23:10,2024-04-25,23:20,155.91.45.242,US,2024-04-25,23:10
11820,24620,2024-04-25,23:10,2024-04-25,23:20,165.225.209.4,CA,2024-04-25,23:10
8206,6068,2024-04-25,23:10,2024-04-25,23:20,147.161.131.1,AT,2024-04-25,23:10
29356,17408,2024-04-25,23:20,2024-04-25,23:30,165.225.33.6,US,2024-04-25,23:20
26178,33801,2024-04-25,23:20,2024-04-25,23:30,136.226.67.101,US,2024-04-25,23:20
29308,15652,2024-04-25,23:20,2024-04-25,23:30,165.225.213.7,CA,2024-04-25,23:20
60068,12628,2024-04-25,23:20,2024-04-25,23:30,136.226.64.114,US,2024-04-25,23:20
4043,7629,2024-04-25,23:20,2024-04-25,23:30,165.225.240.79,NL,2024-04-25,23:20
3102,11038,2024-04-25,23:20,2024-04-25,23:30,165.225.8.79,US,2024-04-25,23:20
8310,6070,2024-04-25,23:20,2024-04-25,23:30,165.225.26.101,DE,2024-04-25,23:20
5528,12010,2024-04-25,23:20,2024-04-25,23:30,165.225.209.4,CA,2024-04-25,23:20
4926,11570,2024-04-25,23:20,2024-04-25,23:30,147.161.131.1,AT,2024-04-25,23:20
7724,6288,2024-04-25,23:20,2024-04-25,23:30,136.226.80.97,US,2024-04-25,23:20
80,528,2024-04-25,23:20,2024-04-25,23:30,192.241.230.19,US,2024-04-25,23:20
23048,24124,2024-04-25,23:30,2024-04-25,23:40,136.226.67.101,US,2024-04-25,23:30
28444,13468,2024-04-25,23:30,2024-04-25,23:40,165.225.212.255,CA,2024-04-25,23:30
5824,11568,2024-04-25,23:30,2024-04-25,23:40,136.226.77.103,CA,2024-04-25,23:30
10474,23244,2024-04-25,23:30,2024-04-25,23:40,165.225.26.101,DE,2024-04-25,23:30
4190330,283456,2024-04-25,23:30,2024-04-25,23:40,155.91.45.242,US,2024-04-25,23:30
5080,11512,2024-04-25,23:30,2024-04-25,23:40,165.225.209.4,CA,2024-04-25,23:30
4220,11672,2024-04-25,23:30,2024-04-25,23:40,136.226.80.97,US,2024-04-25,23:30
952,668,2024-04-25,23:30,2024-04-25,23:40,192.241.230.19,US,2024-04-25,23:30
36745,28952,2024-04-25,23:40,2024-04-25,23:50,165.225.33.6,US,2024-04-25,23:40
12068,25589,2024-04-25,23:40,2024-04-25,23:50,136.226.67.101,US,2024-04-25,23:40
57462,20222,2024-04-25,23:40,2024-04-25,23:50,165.225.212.255,CA,2024-04-25,23:40
2015975,79990,2024-04-25,23:40,2024-04-25,23:50,165.225.240.79,NL,2024-04-25,23:40
4064,11384,2024-04-25,23:40,2024-04-25,23:50,94.188.248.74,IL,2024-04-25,23:40
33268,9986,2024-04-25,23:40,2024-04-25,23:50,136.226.77.103,CA,2024-04-25,23:40
7424,14656,2024-04-25,23:40,2024-04-25,23:50,165.225.26.101,DE,2024-04-25,23:40
4758826,289956,2024-04-25,23:40,2024-04-25,23:50,155.91.45.242,US,2024-04-25,23:40
17736,36370,2024-04-25,23:40,2024-04-25,23:50,165.225.209.4,CA,2024-04-25,23:40
60686,35910,2024-04-25,23:50,2024-04-26,0:00,165.225.33.6,US,2024-04-25,23:50
21698,21218,2024-04-25,23:50,2024-04-26,0:00,136.226.67.101,US,2024-04-25,23:50
28296,7230,2024-04-25,23:50,2024-04-26,0:00,165.225.213.7,CA,2024-04-25,23:50
4721,8322,2024-04-25,23:50,2024-04-26,0:00,165.225.240.79,NL,2024-04-25,23:50
9968,6646,2024-04-25,23:50,2024-04-26,0:00,165.225.26.101,DE,2024-04-25,23:50
4791678,291275,2024-04-25,23:50,2024-04-26,0:00,155.91.45.242,US,2024-04-25,23:50
10768,7248,2024-04-25,23:50,2024-04-26,0:00,165.225.209.4,CA,2024-04-25,23:50
3996,11776,2024-04-25,23:50,2024-04-26,0:00,147.161.131.1,AT,2024-04-25,23:50
4220,11570,2024-04-25,23:50,2024-04-26,0:00,136.226.80.97,US,2024-04-25,23:50
26354,13404,2024-04-26,0:00,2024-04-26,0:10,147.161.161.82,AE,2024-04-26,0:00
33777,20132,2024-04-26,0:00,2024-04-26,0:10,165.225.33.6,US,2024-04-26,0:00
28762,43272,2024-04-26,0:00,2024-04-26,0:10,136.226.67.101,US,2024-04-26,0:00
28478,13260,2024-04-26,0:00,2024-04-26,0:10,165.225.212.255,CA,2024-04-26,0:00
4288,11490,2024-04-26,0:00,2024-04-26,0:10,94.188.248.74,IL,2024-04-26,0:00
8874,14968,2024-04-26,0:00,2024-04-26,0:10,165.225.26.101,DE,2024-04-26,0:00
4793434,292176,2024-04-26,0:00,2024-04-26,0:10,155.91.45.242,US,2024-04-26,0:00
16948,20348,2024-04-26,0:00,2024-04-26,0:10,165.225.209.4,CA,2024-04-26,0:00
5810,13090,2024-04-26,0:10,2024-04-26,0:20,147.161.161.82,AE,2024-04-26,0:10
28730,28386,2024-04-26,0:10,2024-04-26,0:20,136.226.67.101,US,2024-04-26,0:10
29002,15654,2024-04-26,0:10,2024-04-26,0:20,165.225.213.7,CA,2024-04-26,0:10
44270,21924,2024-04-26,0:10,2024-04-26,0:20,136.226.64.114,US,2024-04-26,0:10
2019990,55292,2024-04-26,0:10,2024-04-26,0:20,165.225.240.79,NL,2024-04-26,0:10
3498,2800,2024-04-26,0:10,2024-04-26,0:20,94.188.248.74,IL,2024-04-26,0:10
16698,26610,2024-04-26,0:10,2024-04-26,0:20,165.225.26.101,DE,2024-04-26,0:10
4794053,290955,2024-04-26,0:10,2024-04-26,0:20,155.91.45.242,US,2024-04-26,0:10
6606,12794,2024-04-26,0:10,2024-04-26,0:20,165.225.209.4,CA,2024-04-26,0:10
9910,14760,2024-04-26,0:10,2024-04-26,0:20,147.161.131.1,AT,2024-04-26,0:10
26250,13404,2024-04-26,0:20,2024-04-26,0:30,147.161.161.82,AE,2024-04-26,0:20
21448,32494,2024-04-26,0:20,2024-04-26,0:30,136.226.67.101,US,2024-04-26,0:20
28524,13364,2024-04-26,0:20,2024-04-26,0:30,165.225.212.255,CA,2024-04-26,0:20
9600,22230,2024-04-26,0:20,2024-04-26,0:30,165.225.240.79,NL,2024-04-26,0:20
7786,14138,2024-04-26,0:20,2024-04-26,0:30,94.188.248.74,IL,2024-04-26,0:20
33662,9572,2024-04-26,0:20,2024-04-26,0:30,136.226.77.103,CA,2024-04-26,0:20
6480,11794,2024-04-26,0:20,2024-04-26,0:30,165.225.26.101,DE,2024-04-26,0:20
16698,19255,2024-04-26,0:20,2024-04-26,0:30,165.225.209.4,CA,2024-04-26,0:20
4018,3144,2024-04-26,0:30,2024-04-26,0:40,147.161.161.82,AE,2024-04-26,0:30
38560,34470,2024-04-26,0:30,2024-04-26,0:40,136.226.67.101,US,2024-04-26,0:30
57088,12210,2024-04-26,0:30,2024-04-26,0:40,165.225.212.255,CA,2024-04-26,0:30
1215594,64362,2024-04-26,0:30,2024-04-26,0:40,165.225.240.79,NL,2024-04-26,0:30
3514,2648,2024-04-26,0:30,2024-04-26,0:40,94.188.248.74,IL,2024-04-26,0:30
13338,17636,2024-04-26,0:30,2024-04-26,0:40,165.225.26.101,DE,2024-04-26,0:30
4803684,294875,2024-04-26,0:30,2024-04-26,0:40,155.91.45.242,US,2024-04-26,0:30
13132,18249,2024-04-26,0:30,2024-04-26,0:40,165.225.209.4,CA,2024-04-26,0:30
5238,11674,2024-04-26,0:30,2024-04-26,0:40,147.161.131.1,AT,2024-04-26,0:30
9052,5162,2024-04-26,0:40,2024-04-26,0:50,165.225.33.6,US,2024-04-26,0:40
31076,39744,2024-04-26,0:40,2024-04-26,0:50,136.226.67.101,US,2024-04-26,0:40
28518,13366,2024-04-26,0:40,2024-04-26,0:50,165.225.212.255,CA,2024-04-26,0:40
43660,12924,2024-04-26,0:40,2024-04-26,0:50,136.226.64.114,US,2024-04-26,0:40
26820,45260,2024-04-26,0:40,2024-04-26,0:50,165.225.240.79,NL,2024-04-26,0:40
3206,11038,2024-04-26,0:40,2024-04-26,0:50,165.225.8.79,US,2024-04-26,0:40
35894,10094,2024-04-26,0:40,2024-04-26,0:50,136.226.77.103,CA,2024-04-26,0:40
9132,5756,2024-04-26,0:40,2024-04-26,0:50,165.225.26.101,DE,2024-04-26,0:40
4801644,292969,2024-04-26,0:40,2024-04-26,0:50,155.91.45.242,US,2024-04-26,0:40
22790,40397,2024-04-26,0:40,2024-04-26,0:50,165.225.209.4,CA,2024-04-26,0:40
29040,16476,2024-04-26,0:50,2024-04-26,1:00,165.225.33.6,US,2024-04-26,0:50
27938,4626,2024-04-26,0:50,2024-04-26,1:00,165.225.212.255,CA,2024-04-26,0:50
34660,10044,2024-04-26,0:50,2024-04-26,1:00,136.226.77.103,CA,2024-04-26,0:50
5238,11776,2024-04-26,0:50,2024-04-26,1:00,165.225.26.101,DE,2024-04-26,0:50
4809606,290761,2024-04-26,0:50,2024-04-26,1:00,155.91.45.242,US,2024-04-26,0:50
6742,13419,2024-04-26,0:50,2024-04-26,1:00,165.225.209.4,CA,2024-04-26,0:50
4138,3144,2024-04-26,1:00,2024-04-26,1:10,147.161.161.82,AE,2024-04-26,1:00
10262,16182,2024-04-26,1:00,2024-04-26,1:10,136.226.67.101,US,2024-04-26,1:00
28048,4730,2024-04-26,1:00,2024-04-26,1:10,165.225.212.255,CA,2024-04-26,1:00
4064,11386,2024-04-26,1:00,2024-04-26,1:10,94.188.248.74,IL,2024-04-26,1:00
47774,23406,2024-04-26,1:00,2024-04-26,1:10,136.226.77.103,CA,2024-04-26,1:00
3326,11038,2024-04-26,1:00,2024-04-26,1:10,165.225.8.79,US,2024-04-26,1:00
9336,23450,2024-04-26,1:00,2024-04-26,1:10,165.225.26.101,DE,2024-04-26,1:00
4827283,306181,2024-04-26,1:00,2024-04-26,1:10,155.91.45.242,US,2024-04-26,1:00
10830,23370,2024-04-26,1:00,2024-04-26,1:10,165.225.209.4,CA,2024-04-26,1:00
9806,14344,2024-04-26,1:00,2024-04-26,1:10,147.161.131.1,AT,2024-04-26,1:00
16062,27514,2024-04-26,1:10,2024-04-26,1:20,136.226.67.101,US,2024-04-26,1:10
29010,15550,2024-04-26,1:10,2024-04-26,1:20,165.225.213.7,CA,2024-04-26,1:10
3722,2694,2024-04-26,1:10,2024-04-26,1:20,94.188.248.74,IL,2024-04-26,1:10
7182,12958,2024-04-26,1:10,2024-04-26,1:20,136.226.77.103,CA,2024-04-26,1:10
3102,11142,2024-04-26,1:10,2024-04-26,1:20,165.225.8.79,US,2024-04-26,1:10
10012,14968,2024-04-26,1:10,2024-04-26,1:20,165.225.26.101,DE,2024-04-26,1:10
4776536,289969,2024-04-26,1:10,2024-04-26,1:20,155.91.45.242,US,2024-04-26,1:10
528,858,2024-04-26,1:10,2024-04-26,1:20,165.225.209.4,CA,2024-04-26,1:10
6376,11690,2024-04-26,1:10,2024-04-26,1:20,147.161.131.1,AT,2024-04-26,1:10
9620,16178,2024-04-26,1:20,2024-04-26,1:30,147.161.161.82,AE,2024-04-26,1:20
24442,25574,2024-04-26,1:20,2024-04-26,1:30,136.226.67.101,US,2024-04-26,1:20
29586,15754,2024-04-26,1:20,2024-04-26,1:30,165.225.212.255,CA,2024-04-26,1:20
30178,14280,2024-04-26,1:20,2024-04-26,1:30,136.226.64.114,US,2024-04-26,1:20
1889834,34306,2024-04-26,1:20,2024-04-26,1:30,165.225.240.79,NL,2024-04-26,1:20
5154,2878,2024-04-26,1:20,2024-04-26,1:30,136.226.77.103,CA,2024-04-26,1:20
12764,26284,2024-04-26,1:20,2024-04-26,1:30,165.225.26.101,DE,2024-04-26,1:20
4788904,294113,2024-04-26,1:20,2024-04-26,1:30,155.91.45.242,US,2024-04-26,1:20
22366,31577,2024-04-26,1:20,2024-04-26,1:30,165.225.209.4,CA,2024-04-26,1:20
6376,11690,2024-04-26,1:20,2024-04-26,1:30,147.161.131.1,AT,2024-04-26,1:20
3618,2878,2024-04-26,1:30,2024-04-26,1:40,147.161.161.82,AE,2024-04-26,1:30
23680,33014,2024-04-26,1:30,2024-04-26,1:40,136.226.67.101,US,2024-04-26,1:30
28388,13468,2024-04-26,1:30,2024-04-26,1:40,165.225.212.255,CA,2024-04-26,1:30
43840,13960,2024-04-26,1:30,2024-04-26,1:40,136.226.64.114,US,2024-04-26,1:30
1253276,46666,2024-04-26,1:30,2024-04-26,1:40,165.225.240.79,NL,2024-04-26,1:30
4080,11386,2024-04-26,1:30,2024-04-26,1:40,94.188.248.74,IL,2024-04-26,1:30
3206,11038,2024-04-26,1:30,2024-04-26,1:40,165.225.8.79,US,2024-04-26,1:30
14222,9362,2024-04-26,1:30,2024-04-26,1:40,165.225.26.101,DE,2024-04-26,1:30
4808787,301495,2024-04-26,1:30,2024-04-26,1:40,155.91.45.242,US,2024-04-26,1:30
7294,13707,2024-04-26,1:30,2024-04-26,1:40,165.225.209.4,CA,2024-04-26,1:30
5824,12018,2024-04-26,1:40,2024-04-26,1:50,165.225.33.6,US,2024-04-26,1:40
5492,12046,2024-04-26,1:40,2024-04-26,1:50,136.226.67.101,US,2024-04-26,1:40
28644,7330,2024-04-26,1:40,2024-04-26,1:50,165.225.213.7,CA,2024-04-26,1:40
3206,11142,2024-04-26,1:40,2024-04-26,1:50,165.225.8.79,US,2024-04-26,1:40
38780,18682,2024-04-26,1:40,2024-04-26,1:50,136.226.77.103,CA,2024-04-26,1:40
4869181,301752,2024-04-26,1:40,2024-04-26,1:50,155.91.45.242,US,2024-04-26,1:40
6046,4544,2024-04-26,1:40,2024-04-26,1:50,165.225.209.4,CA,2024-04-26,1:40
6584,11898,2024-04-26,1:40,2024-04-26,1:50,147.161.131.1,AT,2024-04-26,1:40
7666,14346,2024-04-26,1:40,2024-04-26,1:50,136.226.80.97,US,2024-04-26,1:40
5140,4294,2024-04-26,1:50,2024-04-26,2:00,147.161.161.82,AE,2024-04-26,1:50
37105,49494,2024-04-26,1:50,2024-04-26,2:00,136.226.67.101,US,2024-04-26,1:50
28896,7328,2024-04-26,1:50,2024-04-26,2:00,165.225.213.7,CA,2024-04-26,1:50
8872,14760,2024-04-26,1:50,2024-04-26,2:00,165.225.26.101,DE,2024-04-26,1:50
4755578,292284,2024-04-26,1:50,2024-04-26,2:00,155.91.45.242,US,2024-04-26,1:50
11358,24124,2024-04-26,1:50,2024-04-26,2:00,165.225.209.4,CA,2024-04-26,1:50
4264,11882,2024-04-26,1:50,2024-04-26,2:00,147.161.131.1,AT,2024-04-26,1:50
3966,3248,2024-04-26,1:50,2024-04-26,2:00,136.226.80.97,US,2024-04-26,1:50
35666,39032,2024-04-26,8:00,2024-04-26,8:10,136.226.67.101,US,2024-04-26,8:00
28540,7228,2024-04-26,8:00,2024-04-26,8:10,165.225.213.7,CA,2024-04-26,8:00
44408,22446,2024-04-26,8:00,2024-04-26,8:10,136.226.64.114,US,2024-04-26,8:00
8202,6068,2024-04-26,8:00,2024-04-26,8:10,165.225.26.101,DE,2024-04-26,8:00
18201558,1170896,2024-04-26,8:00,2024-04-26,8:10,155.91.45.242,US,2024-04-26,8:00
23836,41493,2024-04-26,8:00,2024-04-26,8:10,165.225.209.4,CA,2024-04-26,8:00
3862,2982,2024-04-26,8:00,2024-04-26,8:10,136.226.80.97,US,2024-04-26,8:00
15978,28154,2024-04-26,8:10,2024-04-26,8:20,136.226.67.101,US,2024-04-26,8:10
28042,4834,2024-04-26,8:10,2024-04-26,8:20,165.225.212.255,CA,2024-04-26,8:10
3618,2648,2024-04-26,8:10,2024-04-26,8:20,94.188.248.74,IL,2024-04-26,8:10
13546,17742,2024-04-26,8:10,2024-04-26,8:20,165.225.26.101,DE,2024-04-26,8:10
18273120,1145109,2024-04-26,8:10,2024-04-26,8:20,155.91.45.242,US,2024-04-26,8:10
15094,10563,2024-04-26,8:10,2024-04-26,8:20,165.225.209.4,CA,2024-04-26,8:10
5238,11674,2024-04-26,8:10,2024-04-26,8:20,147.161.131.1,AT,2024-04-26,8:10
4480,11778,2024-04-26,8:20,2024-04-26,8:30,147.161.161.82,AE,2024-04-26,8:20
30396,28830,2024-04-26,8:20,2024-04-26,8:30,136.226.67.101,US,2024-04-26,8:20
28628,13570,2024-04-26,8:20,2024-04-26,8:30,165.225.212.255,CA,2024-04-26,8:20
1360,436,2024-04-26,8:20,2024-04-26,8:30,198.235.24.81,US,2024-04-26,8:20
3976,11282,2024-04-26,8:20,2024-04-26,8:30,94.188.248.74,IL,2024-04-26,8:20
9440,23452,2024-04-26,8:20,2024-04-26,8:30,165.225.26.101,DE,2024-04-26,8:20
18285525,1130944,2024-04-26,8:20,2024-04-26,8:30,155.91.45.242,US,2024-04-26,8:20
24200,41078,2024-04-26,8:20,2024-04-26,8:30,165.225.209.4,CA,2024-04-26,8:20
5030,11570,2024-04-26,8:20,2024-04-26,8:30,147.161.131.1,AT,2024-04-26,8:20
7204,5860,2024-04-26,8:20,2024-04-26,8:30,136.226.80.97,US,2024-04-26,8:20
4168,11674,2024-04-26,8:30,2024-04-26,8:40,147.161.161.82,AE,2024-04-26,8:30
37156,48239,2024-04-26,8:30,2024-04-26,8:40,136.226.67.101,US,2024-04-26,8:30
27912,6080,2024-04-26,8:30,2024-04-26,8:40,165.225.213.7,CA,2024-04-26,8:30
44390,22134,2024-04-26,8:30,2024-04-26,8:40,136.226.64.114,US,2024-04-26,8:30
4686,11778,2024-04-26,8:30,2024-04-26,8:40,136.226.77.103,CA,2024-04-26,8:30
18239056,1144663,2024-04-26,8:30,2024-04-26,8:40,155.91.45.242,US,2024-04-26,8:30
6806,13238,2024-04-26,8:30,2024-04-26,8:40,165.225.209.4,CA,2024-04-26,8:30
10118,14760,2024-04-26,8:30,2024-04-26,8:40,147.161.131.1,AT,2024-04-26,8:30
15016,11797,2024-04-26,8:40,2024-04-26,8:50,136.226.67.101,US,2024-04-26,8:40
1996566,56644,2024-04-26,8:40,2024-04-26,8:50,165.225.240.79,NL,2024-04-26,8:40
10578,23450,2024-04-26,8:40,2024-04-26,8:50,165.225.26.101,DE,2024-04-26,8:40
18125238,1121958,2024-04-26,8:40,2024-04-26,8:50,155.91.45.242,US,2024-04-26,8:40
18482,29508,2024-04-26,8:40,2024-04-26,8:50,165.225.209.4,CA,2024-04-26,8:40
5238,11778,2024-04-26,8:40,2024-04-26,8:50,147.161.131.1,AT,2024-04-26,8:40
4116,11570,2024-04-26,8:40,2024-04-26,8:50,136.226.80.97,US,2024-04-26,8:40
4272,11778,2024-04-26,8:50,2024-04-26,9:00,147.161.161.82,AE,2024-04-26,8:50
31166,25856,2024-04-26,8:50,2024-04-26,9:00,165.225.33.6,US,2024-04-26,8:50
28830,27096,2024-04-26,8:50,2024-04-26,9:00,136.226.67.101,US,2024-04-26,8:50
60122,12630,2024-04-26,8:50,2024-04-26,9:00,136.226.64.114,US,2024-04-26,8:50
3678,11038,2024-04-26,8:50,2024-04-26,9:00,165.225.240.79,NL,2024-04-26,8:50
36522,18578,2024-04-26,8:50,2024-04-26,9:00,136.226.77.103,CA,2024-04-26,8:50
13232,17534,2024-04-26,8:50,2024-04-26,9:00,165.225.26.101,DE,2024-04-26,8:50
18171403,1103358,2024-04-26,8:50,2024-04-26,9:00,155.91.45.242,US,2024-04-26,8:50
1147,5151,2024-04-26,8:50,2024-04-26,9:00,65.49.1.69,US,2024-04-26,8:50
80,44,2024-04-26,8:50,2024-04-26,9:00,65.49.1.72,US,2024-04-26,8:50
790,444,2024-04-26,8:50,2024-04-26,9:00,65.49.1.94,US,2024-04-26,8:50
5030,11674,2024-04-26,8:50,2024-04-26,9:00,147.161.131.1,AT,2024-04-26,8:50
3638,3086,2024-04-26,8:50,2024-04-26,9:00,136.226.80.97,US,2024-04-26,8:50
4704,11882,2024-04-26,9:10,2024-04-26,9:20,147.161.161.82,AE,2024-04-26,9:10
16960,19458,2024-04-26,9:10,2024-04-26,9:20,136.226.67.101,US,2024-04-26,9:10
29314,15444,2024-04-26,9:10,2024-04-26,9:20,165.225.213.7,CA,2024-04-26,9:10
28244,17860,2024-04-26,9:00,2024-04-26,9:10,165.225.33.6,US,2024-04-26,9:00
2007229,59926,2024-04-26,9:10,2024-04-26,9:20,165.225.240.79,NL,2024-04-26,9:10
18890,30568,2024-04-26,9:00,2024-04-26,9:10,136.226.67.101,US,2024-04-26,9:00
27970,13366,2024-04-26,9:00,2024-04-26,9:10,165.225.213.7,CA,2024-04-26,9:00
30596,14488,2024-04-26,9:00,2024-04-26,9:10,136.226.64.114,US,2024-04-26,9:00
6488,4164,2024-04-26,9:10,2024-04-26,9:20,136.226.77.103,CA,2024-04-26,9:10
9908,14656,2024-04-26,9:10,2024-04-26,9:20,165.225.26.101,DE,2024-04-26,9:10
48614,25178,2024-04-26,9:00,2024-04-26,9:10,136.226.77.103,CA,2024-04-26,9:00
7994,5754,2024-04-26,9:00,2024-04-26,9:10,165.225.26.101,DE,2024-04-26,9:00
18119202,1132321,2024-04-26,9:10,2024-04-26,9:20,155.91.45.242,US,2024-04-26,9:10
3904,19282,2024-04-26,9:00,2024-04-26,9:10,65.49.1.104,US,2024-04-26,9:00
5736,12114,2024-04-26,9:10,2024-04-26,9:20,165.225.209.4,CA,2024-04-26,9:10
18187778,1142605,2024-04-26,9:00,2024-04-26,9:10,155.91.45.242,US,2024-04-26,9:00
5482,21034,2024-04-26,9:00,2024-04-26,9:10,65.49.1.97,US,2024-04-26,9:00
1112,430,2024-04-26,9:00,2024-04-26,9:10,65.49.1.99,US,2024-04-26,9:00
833,4490,2024-04-26,9:00,2024-04-26,9:10,65.49.1.76,US,2024-04-26,9:00
1674,8980,2024-04-26,9:00,2024-04-26,9:10,65.49.1.96,US,2024-04-26,9:00
1328,524,2024-04-26,9:00,2024-04-26,9:10,65.49.1.95,US,2024-04-26,9:00
3534,2982,2024-04-26,9:10,2024-04-26,9:20,136.226.80.97,US,2024-04-26,9:10
1628,8980,2024-04-26,9:00,2024-04-26,9:10,65.49.1.74,US,2024-04-26,9:00
5518,12114,2024-04-26,9:00,2024-04-26,9:10,165.225.209.4,CA,2024-04-26,9:00
3314,14998,2024-04-26,9:00,2024-04-26,9:10,65.49.1.69,US,2024-04-26,9:00
5342,11674,2024-04-26,9:00,2024-04-26,9:10,147.161.131.1,AT,2024-04-26,9:00
6486,4458,2024-04-26,9:20,2024-04-26,9:30,147.161.161.82,AE,2024-04-26,9:20
24506,34772,2024-04-26,9:20,2024-04-26,9:30,136.226.67.101,US,2024-04-26,9:20
1942449,49030,2024-04-26,9:20,2024-04-26,9:30,165.225.240.79,NL,2024-04-26,9:20
3976,11176,2024-04-26,9:20,2024-04-26,9:30,94.188.248.74,IL,2024-04-26,9:20
10162,23142,2024-04-26,9:20,2024-04-26,9:30,165.225.26.101,DE,2024-04-26,9:20
18231909,1116695,2024-04-26,9:20,2024-04-26,9:30,155.91.45.242,US,2024-04-26,9:20
22070,23511,2024-04-26,9:20,2024-04-26,9:30,165.225.209.4,CA,2024-04-26,9:20
10222,15024,2024-04-26,9:20,2024-04-26,9:30,147.161.131.1,AT,2024-04-26,9:20
4392,11674,2024-04-26,9:30,2024-04-26,9:40,147.161.161.82,AE,2024-04-26,9:30
14150,26266,2024-04-26,9:30,2024-04-26,9:40,136.226.67.101,US,2024-04-26,9:30
43550,13546,2024-04-26,9:30,2024-04-26,9:40,136.226.64.114,US,2024-04-26,9:30
7474,14080,2024-04-26,9:30,2024-04-26,9:40,94.188.248.74,IL,2024-04-26,9:30
1248666,38254,2024-04-26,9:30,2024-04-26,9:40,165.225.240.79,NL,2024-04-26,9:30
9908,14552,2024-04-26,9:30,2024-04-26,9:40,165.225.26.101,DE,2024-04-26,9:30
24326941,1529035,2024-04-26,9:30,2024-04-26,9:40,155.91.45.242,US,2024-04-26,9:30
28062,52066,2024-04-26,9:30,2024-04-26,9:40,165.225.209.4,CA,2024-04-26,9:30
8928,5548,2024-04-26,9:30,2024-04-26,9:40,147.161.131.1,AT,2024-04-26,9:30
5348,4296,2024-04-26,9:40,2024-04-26,9:50,147.161.161.82,AE,2024-04-26,9:40
8052,13298,2024-04-26,9:40,2024-04-26,9:50,165.225.33.6,US,2024-04-26,9:40
38524,42218,2024-04-26,9:40,2024-04-26,9:50,136.226.67.101,US,2024-04-26,9:40
28400,13364,2024-04-26,9:40,2024-04-26,9:50,165.225.212.255,CA,2024-04-26,9:40
2021960,78684,2024-04-26,9:40,2024-04-26,9:50,165.225.240.79,NL,2024-04-26,9:40
7382,4370,2024-04-26,9:40,2024-04-26,9:50,136.226.77.103,CA,2024-04-26,9:40
9232,23036,2024-04-26,9:40,2024-04-26,9:50,165.225.26.101,DE,2024-04-26,9:40
25199191,1557598,2024-04-26,9:40,2024-04-26,9:50,155.91.45.242,US,2024-04-26,9:40
6216,13027,2024-04-26,9:40,2024-04-26,9:50,165.225.209.4,CA,2024-04-26,9:40
3996,11674,2024-04-26,9:40,2024-04-26,9:50,147.161.131.1,AT,2024-04-26,9:40
4324,11778,2024-04-26,9:40,2024-04-26,9:50,136.226.80.97,US,2024-04-26,9:40
21752,22356,2024-04-26,9:50,2024-04-26,10:00,136.226.67.101,US,2024-04-26,9:50
28988,15340,2024-04-26,9:50,2024-04-26,10:00,165.225.213.7,CA,2024-04-26,9:50
30450,14276,2024-04-26,9:50,2024-04-26,10:00,136.226.64.114,US,2024-04-26,9:50
3976,11178,2024-04-26,9:50,2024-04-26,10:00,94.188.248.74,IL,2024-04-26,9:50
3782,11038,2024-04-26,9:50,2024-04-26,10:00,165.225.240.79,NL,2024-04-26,9:50
40,264,2024-04-26,9:50,2024-04-26,10:00,192.241.205.18,US,2024-04-26,9:50
41336,13180,2024-04-26,9:50,2024-04-26,10:00,136.226.77.103,CA,2024-04-26,9:50
3638,3190,2024-04-26,9:50,2024-04-26,10:00,165.225.26.101,DE,2024-04-26,9:50
25207794,1561220,2024-04-26,9:50,2024-04-26,10:00,155.91.45.242,US,2024-04-26,9:50
5736,12114,2024-04-26,9:50,2024-04-26,10:00,165.225.209.4,CA,2024-04-26,9:50
9032,5862,2024-04-26,9:50,2024-04-26,10:00,147.161.131.1,AT,2024-04-26,9:50
